Índice FipeZAP,Imóveis residenciais,,,,,,,,,,,,,,,,,,,,,,,,,,,,,,,,,,
,Venda,,,,,,,,,,,,,,,,,,,,,,,,,,,,,,Rentabilidade do aluguel (rental yield),,,,
,Var. mensal (%),,,,,Var. em 12 meses (%),,,,,Preço médio (R$/m²),,,,,Var. mensal (%),,,,,Var. em 12 meses (%),,,,,Preço médio (R$/m²),,,,,(% - mensalizada),,,,
Data,Total,1D,2D,3D,4D,Total,1D,2D,3D,4D,Total,1D,2D,3D,4D,Total,1D,2D,3D,4D,Total,1D,2D,3D,4D,Total,1D,2D,3D,4D,Total,1D,2D,3D,4D
Jan-08,.,.,.,.,.,.,.,.,.,.,"2,226","2,411","1,983","2,211","2,824",.,.,.,.,.,.,.,.,.,.,13.2,15.8,12.5,11.9,13.8,0.64%,0.73%,0.66%,0.60%,0.57%
Feb-08,+0.61%,+1.01%,+0.73%,+0.30%,+0.27%,.,.,.,.,.,"2,240","2,436","1,997","2,217","2,832",+0.97%,+2.04%,+0.92%, -0.40%,+0.31%,.,.,.,.,.,13.3,16.1,12.6,11.8,13.9,0.65%,0.74%,0.67%,0.59%,0.57%
Mar-08,+1.05%,+1.50%,+1.34%,+0.66%,+0.42%,.,.,.,.,.,"2,263","2,472","2,024","2,232","2,843",+3.74%,+8.82%,+2.94%,+1.09%,+0.78%,.,.,.,.,.,13.8,17.6,13.0,12.0,14.0,0.67%,0.79%,0.67%,0.60%,0.57%
Apr-08,+1.37%,+1.90%,+1.41%,+1.31%,+0.70%,.,.,.,.,.,"2,294","2,519","2,053","2,261","2,863",+1.62%,+1.30%,+0.90%,+2.32%,+1.09%,.,.,.,.,.,14.1,17.8,13.1,12.2,14.1,0.67%,0.79%,0.68%,0.60%,0.58%
May-08,+1.34%,+1.72%,+1.28%,+1.25%,+1.08%,.,.,.,.,.,"2,325","2,563","2,079","2,290","2,894",+2.25%,+2.33%,+2.06%,+2.97%,+0.88%,.,.,.,.,.,14.4,18.2,13.4,12.6,14.3,0.68%,0.79%,0.69%,0.61%,0.58%
Jun-08,+1.48%,+1.78%,+1.49%,+1.28%,+1.30%,.,.,.,.,.,"2,359","2,608","2,110","2,319","2,932", -0.40%, -4.65%, -0.48%,+2.26%,+1.13%,.,.,.,.,.,14.3,17.4,13.3,12.9,14.4,0.67%,0.74%,0.68%,0.62%,0.58%
Jul-08,+1.35%,+1.94%,+1.54%,+0.91%,+0.62%,.,.,.,.,.,"2,391","2,659","2,142","2,340","2,950",+1.60%,+1.86%,+2.02%,+0.51%,+1.49%,.,.,.,.,.,14.5,17.7,13.6,13.0,14.6,0.67%,0.74%,0.69%,0.61%,0.58%
Aug-08,+1.04%,+0.61%,+1.76%,+0.98%,+0.31%,.,.,.,.,.,"2,416","2,675","2,180","2,363","2,959",+0.58%,+0.23%,+0.47%,+0.31%,+1.78%,.,.,.,.,.,14.6,17.7,13.6,13.0,14.9,0.66%,0.74%,0.68%,0.61%,0.59%
Sep-08,+1.02%,+0.74%,+1.55%,+0.88%,+0.49%,.,.,.,.,.,"2,441","2,695","2,214","2,384","2,974",+2.09%,+4.02%,+2.66%,+0.50%,+0.83%,.,.,.,.,.,14.9,18.4,14.0,13.1,15.0,0.67%,0.77%,0.68%,0.61%,0.59%
Oct-08,+1.16%,+0.80%,+1.65%,+0.93%,+1.02%,.,.,.,.,.,"2,469","2,717","2,250","2,406","3,004",+1.61%,+4.15%,+1.42%,+0.97%,+0.26%,.,.,.,.,.,15.2,19.2,14.2,13.2,15.0,0.67%,0.79%,0.68%,0.61%,0.59%
Nov-08,+1.60%,+1.76%,+1.76%,+1.17%,+1.54%,.,.,.,.,.,"2,508","2,764","2,290","2,434","3,051",+0.72%,+1.34%,+0.07%,+1.42%,+0.21%,.,.,.,.,.,15.3,19.5,14.2,13.4,15.1,0.67%,0.78%,0.67%,0.61%,0.58%
Dec-08,+1.77%,+2.67%,+1.72%,+1.10%,+1.46%,.,.,.,.,.,"2,553","2,838","2,329","2,461","3,095",+0.04%,+0.66%, -1.00%,+0.93%,+0.47%,.,.,.,.,.,15.3,19.6,14.1,13.5,15.2,0.66%,0.76%,0.65%,0.61%,0.58%
Jan-09,+1.38%,+1.64%,+1.34%,+1.14%,+1.23%,+16.25%,+19.63%,+19.05%,+12.59%,+10.96%,"2,588","2,885","2,361","2,489","3,133",+0.29%, -0.37%,+0.39%,+0.43%,+1.18%,+16.11%,+23.38%,+13.01%,+14.12%,+10.91%,15.3,19.5,14.1,13.6,15.3,0.65%,0.74%,0.64%,0.61%,0.57%
Feb-09,+1.32%,+2.25%,+1.10%,+0.95%,+0.77%,+17.07%,+21.10%,+19.48%,+13.32%,+11.51%,"2,622","2,949","2,386","2,513","3,158",+1.39%,+1.40%,+2.32%,+0.42%,+1.00%,+16.60%,+22.61%,+14.57%,+15.06%,+11.67%,15.5,19.8,14.4,13.6,15.5,0.65%,0.74%,0.65%,0.60%,0.57%
Mar-09,+1.12%,+1.53%,+1.00%,+1.06%,+0.73%,+17.15%,+21.13%,+19.09%,+13.76%,+11.86%,"2,651","2,995","2,410","2,539","3,181",+0.80%, -0.06%,+1.60%,+0.19%,+1.05%,+13.30%,+12.61%,+13.08%,+14.03%,+11.98%,15.7,19.8,14.7,13.6,15.6,0.65%,0.73%,0.66%,0.60%,0.57%
Apr-09,+1.50%,+1.85%,+1.59%,+1.38%,+0.86%,+17.30%,+21.07%,+19.30%,+13.84%,+12.05%,"2,691","3,050","2,449","2,574","3,208",+0.41%, -0.74%,+1.44%,+0.24%,+0.30%,+11.95%,+10.34%,+13.69%,+11.71%,+11.10%,15.7,19.6,14.9,13.7,15.7,0.64%,0.71%,0.65%,0.59%,0.57%
May-09,+1.46%,+1.24%,+1.70%,+1.49%,+1.15%,+17.43%,+20.50%,+19.80%,+14.10%,+12.13%,"2,730","3,088","2,490","2,613","3,245",+0.33%,+0.35%,+0.19%,+0.66%,+0.65%,+9.84%,+8.21%,+11.61%,+9.21%,+10.84%,15.8,19.7,14.9,13.8,15.8,0.63%,0.70%,0.65%,0.58%,0.56%
Jun-09,+1.58%,+1.19%,+2.03%,+1.43%,+1.32%,+17.55%,+19.80%,+20.44%,+14.27%,+12.15%,"2,773","3,125","2,541","2,650","3,288",+0.81%,+1.96%,+0.79%,+0.33%,+0.74%,+11.19%,+15.72%,+13.04%,+7.14%,+10.42%,15.9,20.1,15.0,13.8,15.9,0.63%,0.70%,0.64%,0.58%,0.56%
Jul-09,+1.77%,+1.83%,+1.99%,+1.42%,+1.96%,+18.05%,+19.68%,+20.97%,+14.85%,+13.63%,"2,823","3,182","2,591","2,688","3,352",+0.19%,+0.94%, -0.23%,+0.32%,+0.71%,+9.64%,+14.66%,+10.55%,+6.94%,+9.57%,15.9,20.3,15.0,13.9,16.0,0.62%,0.69%,0.62%,0.57%,0.55%
Aug-09,+1.82%,+1.70%,+2.13%,+1.54%,+1.81%,+18.96%,+20.97%,+21.41%,+15.49%,+15.33%,"2,874","3,236","2,647","2,729","3,413",+0.61%,+0.69%,+1.27%,+0.16%,+0.06%,+9.67%,+15.18%,+11.42%,+6.77%,+7.72%,16.0,20.4,15.2,13.9,16.0,0.61%,0.68%,0.61%,0.56%,0.54%
Sep-09,+1.73%,+1.67%,+1.92%,+1.82%,+1.78%,+19.80%,+22.09%,+21.85%,+16.57%,+16.81%,"2,924","3,290","2,697","2,779","3,474",+0.62%, -0.92%,+1.48%,+0.80%,+0.61%,+8.08%,+9.71%,+10.14%,+7.09%,+7.48%,16.1,20.2,15.4,14.0,16.1,0.60%,0.67%,0.61%,0.56%,0.53%
Oct-09,+1.69%,+1.59%,+1.90%,+1.79%,+1.56%,+20.42%,+23.04%,+22.15%,+17.55%,+17.43%,"2,973","3,342","2,749","2,828","3,528",+1.65%,+0.66%,+2.44%,+1.44%,+1.35%,+8.13%,+6.03%,+11.24%,+7.59%,+8.64%,16.4,20.4,15.8,14.2,16.4,0.60%,0.66%,0.61%,0.56%,0.53%
Nov-09,+2.00%,+2.82%,+1.82%,+1.70%,+1.74%,+20.90%,+24.32%,+22.23%,+18.17%,+17.65%,"3,033","3,437","2,799","2,876","3,589",+1.00%, -0.08%,+1.29%,+1.39%,+1.53%,+8.43%,+4.54%,+12.60%,+7.56%,+10.07%,16.6,20.4,16.0,14.4,16.6,0.59%,0.65%,0.60%,0.55%,0.53%
Dec-09,+1.96%,+2.90%,+1.75%,+1.55%,+1.61%,+21.13%,+24.61%,+22.27%,+18.70%,+17.82%,"3,092","3,536","2,848","2,921","3,647",+0.99%,+0.64%,+0.73%,+1.92%,+1.02%,+9.46%,+4.52%,+14.56%,+8.60%,+10.68%,16.7,20.5,16.1,14.7,16.8,0.59%,0.63%,0.60%,0.55%,0.52%
Jan-10,+1.70%,+2.26%,+1.49%,+1.69%,+1.44%,+21.52%,+25.37%,+22.44%,+19.33%,+18.07%,"3,145","3,616","2,890","2,970","3,699",+0.20%, -1.31%,+0.37%,+1.54%,+0.79%,+9.36%,+3.54%,+14.54%,+9.80%,+10.25%,16.8,20.2,16.2,14.9,16.9,0.57%,0.59%,0.57%,0.54%,0.53%
Feb-10,+1.57%,+1.59%,+1.46%,+1.82%,+1.58%,+21.82%,+24.56%,+22.88%,+20.35%,+19.02%,"3,194","3,674","2,933","3,024","3,758",+1.57%,+1.93%,+1.19%,+2.16%,+0.64%,+9.55%,+4.07%,+13.28%,+11.70%,+9.85%,17.0,20.6,16.4,15.2,17.0,0.56%,0.59%,0.57%,0.54%,0.53%
Mar-10,+1.72%,+1.40%,+1.76%,+1.97%,+1.39%,+22.54%,+24.40%,+23.81%,+21.44%,+19.80%,"3,249","3,725","2,984","3,084","3,810",+2.63%,+3.70%,+3.03%,+1.71%,+1.07%,+11.54%,+7.98%,+14.88%,+13.40%,+9.87%,17.5,21.4,16.9,15.5,17.2,0.57%,0.60%,0.58%,0.54%,0.52%
Apr-10,+1.79%,+1.63%,+1.88%,+1.91%,+1.33%,+22.90%,+24.13%,+24.16%,+22.08%,+20.36%,"3,307","3,786","3,040","3,143","3,861",+2.90%,+4.39%,+3.20%,+1.78%,+0.70%,+14.31%,+13.56%,+16.87%,+15.15%,+10.30%,18.0,22.3,17.4,15.7,17.3,0.57%,0.62%,0.58%,0.54%,0.52%
May-10,+1.79%,+1.75%,+1.90%,+1.83%,+0.98%,+23.30%,+24.75%,+24.40%,+22.49%,+20.15%,"3,367","3,852","3,098","3,200","3,899",+1.65%,+0.92%,+2.79%,+1.08%,+1.46%,+15.82%,+14.20%,+19.90%,+15.63%,+11.20%,18.3,22.5,17.9,15.9,17.6,0.57%,0.61%,0.59%,0.53%,0.52%
Jun-10,+2.15%,+2.91%,+1.98%,+2.02%,+1.32%,+24.00%,+26.87%,+24.34%,+23.20%,+20.14%,"3,439","3,964","3,159","3,265","3,950",+0.46%, -1.02%,+1.04%,+1.04%,+0.96%,+15.41%,+10.86%,+20.19%,+16.45%,+11.45%,18.4,22.3,18.1,16.1,17.7,0.56%,0.59%,0.59%,0.53%,0.52%
Jul-10,+2.36%,+3.20%,+1.92%,+2.20%,+1.85%,+24.71%,+28.57%,+24.25%,+24.15%,+20.02%,"3,520","4,091","3,220","3,337","4,023",+0.54%, -0.13%,+0.29%,+1.30%,+1.13%,+15.81%,+9.69%,+20.82%,+17.58%,+11.91%,18.5,22.3,18.1,16.3,17.9,0.55%,0.57%,0.58%,0.52%,0.52%
Aug-10,+2.28%,+2.83%,+1.91%,+2.45%,+1.99%,+25.27%,+30.00%,+23.99%,+25.26%,+20.23%,"3,600","4,207","3,282","3,418","4,103",+0.91%,+1.42%,+0.15%,+1.21%,+1.43%,+16.16%,+10.48%,+19.49%,+18.81%,+13.45%,18.6,22.6,18.2,16.5,18.2,0.55%,0.56%,0.57%,0.51%,0.52%
Sep-10,+2.09%,+2.08%,+2.19%,+2.07%,+2.25%,+25.71%,+30.51%,+24.32%,+25.57%,+20.79%,"3,675","4,294","3,353","3,489","4,196",+1.65%,+3.15%,+0.39%,+1.63%,+1.97%,+17.35%,+15.03%,+18.20%,+19.79%,+14.99%,18.9,23.3,18.2,16.8,18.6,0.54%,0.57%,0.56%,0.51%,0.52%
Oct-10,+2.06%,+1.99%,+2.42%,+2.13%,+1.68%,+26.17%,+31.02%,+24.95%,+26.00%,+20.93%,"3,751","4,379","3,435","3,564","4,266",+1.08%,+1.51%,+0.78%,+0.91%,+1.45%,+16.69%,+16.00%,+16.29%,+19.16%,+15.11%,19.1,23.6,18.4,16.9,18.8,0.53%,0.56%,0.54%,0.50%,0.51%
Nov-10,+2.42%,+2.51%,+2.82%,+2.21%,+2.10%,+26.68%,+30.63%,+26.17%,+26.62%,+21.35%,"3,842","4,489","3,532","3,642","4,356",+1.90%,+2.82%,+1.13%,+2.12%,+1.52%,+17.73%,+19.37%,+16.11%,+20.03%,+15.09%,19.5,24.3,18.6,17.3,19.1,0.53%,0.56%,0.53%,0.50%,0.51%
Dec-10,+2.11%,+2.06%,+2.31%,+2.25%,+1.78%,+26.86%,+29.56%,+26.87%,+27.50%,+21.56%,"3,923","4,582","3,613","3,724","4,433",+1.70%,+2.14%,+1.90%,+1.19%,+1.17%,+18.56%,+21.16%,+17.46%,+19.17%,+15.25%,19.8,24.8,18.9,17.5,19.3,0.52%,0.56%,0.53%,0.49%,0.51%
Jan-11,+1.79%,+1.49%,+1.90%,+1.78%,+1.91%,+26.97%,+28.58%,+27.38%,+27.62%,+22.12%,"3,993","4,650","3,682","3,791","4,518",+2.26%,+3.51%,+1.39%,+1.87%,+2.04%,+21.00%,+27.07%,+18.66%,+19.56%,+16.68%,20.3,25.7,19.2,17.8,19.7,0.53%,0.57%,0.53%,0.49%,0.51%
Feb-11,+2.06%,+1.98%,+2.19%,+2.08%,+1.79%,+27.59%,+29.08%,+28.30%,+27.95%,+22.37%,"4,075","4,742","3,762","3,869","4,599",+1.52%,+1.14%,+2.07%,+1.71%,+0.51%,+20.94%,+26.09%,+19.69%,+19.03%,+16.54%,20.6,26.0,19.6,18.1,19.8,0.52%,0.56%,0.53%,0.49%,0.50%
Mar-11,+2.40%,+2.38%,+2.24%,+2.47%,+2.00%,+28.44%,+30.32%,+28.90%,+28.58%,+23.11%,"4,173","4,855","3,847","3,965","4,691",+1.51%,+1.21%,+1.27%,+2.35%,+1.08%,+19.61%,+23.06%,+17.64%,+19.78%,+16.55%,20.9,26.3,19.8,18.5,20.0,0.52%,0.56%,0.52%,0.49%,0.50%
Apr-11,+2.69%,+3.41%,+2.33%,+2.84%,+1.87%,+29.57%,+32.61%,+29.48%,+29.76%,+23.76%,"4,285","5,020","3,936","4,078","4,778",+2.03%,+1.81%,+2.48%,+2.05%,+1.35%,+18.61%,+20.02%,+16.82%,+20.10%,+17.31%,21.3,26.8,20.3,18.9,20.3,0.52%,0.55%,0.52%,0.48%,0.49%
May-11,+2.56%,+3.11%,+2.16%,+2.55%,+2.55%,+30.55%,+34.39%,+29.80%,+30.67%,+25.69%,"4,395","5,177","4,021","4,182","4,901",+2.05%,+2.44%,+1.81%,+1.77%,+2.31%,+19.06%,+21.83%,+15.71%,+20.91%,+18.29%,21.8,27.4,20.7,19.2,20.8,0.51%,0.55%,0.51%,0.48%,0.49%
Jun-11,+2.32%,+2.50%,+2.20%,+2.14%,+2.47%,+30.77%,+33.86%,+30.09%,+30.82%,+27.12%,"4,497","5,306","4,110","4,271","5,022",+1.71%,+2.03%,+1.67%,+1.42%,+1.55%,+20.55%,+25.59%,+16.44%,+21.36%,+18.98%,22.1,28.0,21.0,19.5,21.1,0.50%,0.54%,0.51%,0.47%,0.49%
Jul-11,+2.09%,+1.66%,+2.07%,+2.00%,+2.52%,+30.42%,+31.86%,+30.28%,+30.57%,+27.95%,"4,591","5,394","4,195","4,356","5,148",+0.65%,+0.28%,+0.68%,+1.04%,+0.75%,+20.69%,+26.10%,+16.88%,+21.06%,+18.53%,22.3,28.1,21.2,19.7,21.3,0.50%,0.53%,0.50%,0.47%,0.48%
Aug-11,+1.74%,+1.18%,+1.68%,+1.78%,+1.99%,+29.73%,+29.74%,+29.98%,+29.71%,+27.95%,"4,671","5,458","4,266","4,434","5,251",+0.73%,+0.80%,+0.86%,+0.29%,+1.15%,+20.47%,+25.33%,+17.72%,+19.96%,+18.20%,22.5,28.3,21.4,19.8,21.5,0.49%,0.52%,0.50%,0.46%,0.47%
Sep-11,+1.86%,+1.71%,+1.62%,+1.81%,+2.51%,+29.44%,+29.27%,+29.26%,+29.37%,+28.27%,"4,757","5,551","4,335","4,514","5,382",+0.52%,+0.60%,+0.19%,+0.47%,+1.57%,+19.14%,+22.23%,+17.48%,+18.58%,+17.73%,22.6,28.5,21.4,19.9,21.8,0.48%,0.51%,0.49%,0.45%,0.47%
Oct-11,+1.58%,+1.03%,+1.60%,+1.62%,+1.99%,+28.83%,+28.07%,+28.23%,+28.72%,+28.66%,"4,833","5,608","4,404","4,587","5,489",+0.95%,+1.46%,+0.36%,+0.86%,+1.57%,+18.99%,+22.17%,+17.00%,+18.52%,+17.87%,22.8,28.9,21.5,20.0,22.2,0.48%,0.51%,0.48%,0.45%,0.46%
Nov-11,+1.43%,+1.35%,+1.49%,+1.37%,+1.20%,+27.59%,+26.62%,+26.57%,+27.66%,+27.53%,"4,902","5,684","4,470","4,650","5,555",+0.76%,+0.63%,+0.13%,+1.38%,+1.74%,+17.65%,+19.56%,+15.84%,+17.67%,+18.13%,23.0,29.0,21.5,20.3,22.6,0.47%,0.50%,0.47%,0.45%,0.46%
Dec-11,+1.09%,+1.01%,+1.52%,+0.99%,+0.52%,+26.32%,+25.31%,+25.58%,+26.09%,+25.95%,"4,955","5,741","4,537","4,696","5,584",+1.39%,+0.98%,+1.76%,+1.71%,+0.86%,+17.30%,+18.21%,+15.68%,+18.27%,+17.77%,23.3,29.3,21.9,20.7,22.8,0.47%,0.50%,0.47%,0.45%,0.46%
Jan-12,+1.14%,+1.46%,+1.35%,+0.97%,+0.66%,+25.51%,+25.28%,+24.90%,+25.08%,+24.42%,"5,012","5,825","4,599","4,741","5,621",+1.06%,+0.41%,+1.87%,+1.04%,+0.47%,+15.92%,+14.67%,+16.22%,+17.31%,+15.96%,23.5,29.5,22.3,20.9,22.9,0.47%,0.49%,0.47%,0.45%,0.45%
Feb-12,+1.46%,+1.54%,+1.57%,+1.60%,+1.31%,+24.77%,+24.74%,+24.15%,+24.48%,+23.83%,"5,085","5,915","4,671","4,817","5,694",+1.27%,+1.32%,+1.62%,+0.90%,+0.75%,+15.64%,+14.88%,+15.71%,+16.38%,+16.24%,23.8,29.8,22.7,21.1,23.0,0.47%,0.49%,0.47%,0.44%,0.45%
Mar-12,+1.40%,+1.55%,+1.61%,+1.60%,+1.26%,+23.55%,+23.74%,+23.38%,+23.43%,+22.92%,"5,156","6,007","4,746","4,894","5,766",+1.22%,+1.44%,+1.40%,+0.63%,+1.23%,+15.30%,+15.14%,+15.86%,+14.42%,+16.41%,24.1,30.3,23.0,21.2,23.3,0.47%,0.49%,0.47%,0.44%,0.45%
Apr-12,+1.24%,+0.91%,+1.42%,+1.47%,+1.51%,+21.81%,+20.75%,+22.28%,+21.78%,+22.49%,"5,220","6,062","4,814","4,966","5,853",+1.30%,+1.60%,+0.98%,+1.47%,+0.96%,+14.47%,+14.91%,+14.16%,+13.76%,+15.96%,24.4,30.8,23.2,21.5,23.5,0.47%,0.50%,0.47%,0.44%,0.45%
May-12,+0.94%,+0.06%,+1.13%,+1.05%,+1.27%,+19.89%,+17.17%,+21.05%,+20.00%,+20.96%,"5,269","6,066","4,868","5,018","5,928",+1.07%,+1.24%,+0.89%,+1.19%,+0.82%,+13.38%,+13.56%,+13.13%,+13.11%,+14.26%,24.7,31.1,23.4,21.8,23.7,0.47%,0.50%,0.47%,0.44%,0.44%
Jun-12,+1.05%,+0.73%,+0.70%,+1.33%,+1.16%,+18.40%,+15.14%,+19.27%,+19.05%,+19.41%,"5,324","6,110","4,902","5,084","5,996",+0.53%,+0.62%,+0.02%,+0.90%,+1.14%,+12.07%,+11.99%,+11.29%,+12.53%,+13.80%,24.8,31.3,23.4,22.0,24.0,0.46%,0.50%,0.46%,0.44%,0.44%
Jul-12,+0.73%,+1.15%,+0.44%,+0.72%,+0.72%,+16.83%,+14.56%,+17.36%,+17.56%,+17.32%,"5,364","6,180","4,924","5,121","6,040",+0.60%,+0.77%,+0.37%,+0.68%,+0.61%,+12.00%,+12.53%,+10.96%,+12.13%,+13.65%,25.0,31.6,23.5,22.1,24.2,0.46%,0.49%,0.46%,0.44%,0.44%
Aug-12,+0.93%,+1.24%,+0.73%,+0.91%,+0.89%,+15.90%,+14.62%,+16.26%,+16.56%,+16.05%,"5,413","6,256","4,959","5,168","6,093",+0.62%,+0.51%,+0.50%,+0.56%,+1.60%,+11.89%,+12.21%,+10.55%,+12.44%,+14.15%,25.1,31.7,23.6,22.2,24.5,0.46%,0.49%,0.46%,0.43%,0.44%
Sep-12,+0.79%,+0.78%,+0.95%,+0.64%,+0.30%,+14.68%,+13.58%,+15.50%,+15.22%,+13.55%,"5,456","6,305","5,006","5,201","6,111",+0.90%,+0.94%,+0.78%,+0.68%,+1.67%,+12.31%,+12.58%,+11.21%,+12.68%,+14.27%,25.3,32.0,23.8,22.4,25.0,0.46%,0.48%,0.45%,0.43%,0.44%
Oct-12,+0.71%,+1.11%,+0.80%,+0.62%, -0.09%,+13.70%,+13.67%,+14.58%,+14.08%,+11.24%,"5,494","6,375","5,046","5,233","6,106",+0.37%, -0.39%,+0.61%,+0.33%,+2.25%,+11.66%,+10.53%,+11.48%,+12.09%,+15.03%,25.4,31.9,24.0,22.5,25.5,0.45%,0.47%,0.45%,0.43%,0.45%
Nov-12,+0.91%,+1.68%,+0.95%,+0.84%, -0.04%,+13.12%,+14.04%,+13.97%,+13.49%,+9.87%,"5,545","6,482","5,094","5,277","6,103",+0.63%,+0.44%,+0.60%,+1.00%,+0.65%,+11.53%,+10.32%,+12.00%,+11.66%,+13.80%,25.6,32.0,24.1,22.7,25.7,0.45%,0.47%,0.45%,0.43%,0.45%
Dec-12,+1.02%,+1.85%,+0.68%,+0.99%,+1.12%,+13.03%,+14.99%,+13.03%,+13.49%,+10.52%,"5,601","6,602","5,129","5,329","6,171",+0.53%,+0.22%,+0.68%,+1.18%, -0.41%,+10.58%,+9.49%,+10.80%,+11.08%,+12.36%,25.7,32.1,24.3,23.0,25.6,0.45%,0.47%,0.45%,0.43%,0.44%
Jan-13,+0.94%,+1.05%,+0.92%,+1.08%,+0.70%,+12.81%,+14.53%,+12.55%,+13.61%,+10.55%,"5,654","6,672","5,176","5,387","6,214",+1.33%,+1.84%,+1.14%,+1.14%,+0.83%,+10.88%,+11.04%,+10.02%,+11.19%,+12.76%,26.1,32.7,24.5,23.2,25.8,0.45%,0.47%,0.44%,0.43%,0.44%
Feb-13,+0.93%,+1.21%,+0.93%,+0.85%,+0.67%,+12.22%,+14.16%,+11.83%,+12.78%,+9.86%,"5,706","6,753","5,224","5,433","6,256",+1.07%,+1.28%,+0.99%,+1.02%,+0.78%,+10.66%,+11.00%,+9.33%,+11.32%,+12.81%,26.4,33.1,24.8,23.5,26.0,0.45%,0.47%,0.44%,0.43%,0.44%
Mar-13,+0.86%,+0.79%,+0.99%,+0.64%,+1.00%,+11.63%,+13.30%,+11.15%,+11.72%,+9.58%,"5,755","6,806","5,275","5,467","6,318",+1.08%,+1.37%,+1.14%,+0.65%,+0.97%,+10.52%,+10.92%,+9.06%,+11.35%,+12.52%,26.6,33.6,25.1,23.6,26.2,0.45%,0.47%,0.44%,0.43%,0.44%
Apr-13,+1.07%,+0.90%,+1.14%,+0.95%,+1.23%,+11.43%,+13.29%,+10.84%,+11.15%,+9.28%,"5,817","6,868","5,336","5,519","6,396",+0.85%,+0.83%,+1.13%,+0.53%,+0.42%,+10.02%,+10.08%,+9.22%,+10.32%,+11.92%,26.9,33.9,25.3,23.7,26.4,0.45%,0.47%,0.44%,0.42%,0.44%
May-13,+1.01%,+0.68%,+1.18%,+1.02%,+0.95%,+11.51%,+13.99%,+10.91%,+11.11%,+8.94%,"5,876","6,914","5,399","5,575","6,457",+0.45%,+0.26%,+0.70%,+0.33%,+0.25%,+9.35%,+9.01%,+9.01%,+9.38%,+11.29%,27.0,33.9,25.5,23.8,26.4,0.44%,0.47%,0.44%,0.42%,0.44%
Jun-13,+1.14%,+1.38%,+1.14%,+1.12%,+0.62%,+11.61%,+14.73%,+11.38%,+10.89%,+8.36%,"5,942","7,010","5,460","5,638","6,497",+0.28%,+0.12%,+0.55%,+0.27%, -0.50%,+9.07%,+8.47%,+9.58%,+8.70%,+9.48%,27.1,34.0,25.7,23.9,26.3,0.44%,0.46%,0.44%,0.42%,0.43%
Jul-13,+1.09%,+1.58%,+1.08%,+0.89%,+0.74%,+12.00%,+15.23%,+12.10%,+11.07%,+8.38%,"6,007","7,121","5,519","5,688","6,546",+0.31%,+0.37%,+0.44%,+0.28%, -0.37%,+8.77%,+8.04%,+9.65%,+8.27%,+8.41%,27.2,34.1,25.8,23.9,26.2,0.43%,0.46%,0.44%,0.41%,0.42%
Aug-13,+1.18%,+1.24%,+1.12%,+1.17%,+1.31%,+12.28%,+15.23%,+12.53%,+11.36%,+8.82%,"6,078","7,209","5,581","5,755","6,631",+0.22%,+0.40%,+0.29%,+0.01%, -0.09%,+8.33%,+7.93%,+9.43%,+7.68%,+6.60%,27.2,34.3,25.9,23.9,26.2,0.43%,0.45%,0.43%,0.41%,0.42%
Sep-13,+1.20%,+1.12%,+1.21%,+1.27%,+1.16%,+12.74%,+15.61%,+12.83%,+12.06%,+9.76%,"6,151","7,289","5,649","5,828","6,708",+0.15%,+0.18%,+0.06%,+0.19%,+0.47%,+7.53%,+7.12%,+8.65%,+7.15%,+5.34%,27.3,34.3,25.9,24.0,26.3,0.43%,0.45%,0.43%,0.41%,0.42%
Oct-13,+1.31%,+0.94%,+1.41%,+1.45%,+1.07%,+13.42%,+15.41%,+13.52%,+12.98%,+11.04%,"6,232","7,358","5,728","5,912","6,780",+0.34%,+0.27%,+0.21%,+0.23%,+1.81%,+7.49%,+7.82%,+8.21%,+7.05%,+4.88%,27.3,34.4,25.9,24.0,26.8,0.42%,0.45%,0.43%,0.40%,0.42%
Nov-13,+1.25%,+1.34%,+1.34%,+1.15%,+0.83%,+13.80%,+15.03%,+13.95%,+13.33%,+12.02%,"6,310","7,457","5,805","5,980","6,836",+0.61%,+0.60%,+0.64%,+0.28%,+1.50%,+7.47%,+8.00%,+8.26%,+6.29%,+5.78%,27.5,34.6,26.1,24.1,27.2,0.42%,0.44%,0.43%,0.40%,0.42%
Dec-13,+0.96%,+1.13%,+1.02%,+0.84%,+0.63%,+13.74%,+14.21%,+14.34%,+13.16%,+11.47%,"6,370","7,541","5,864","6,030","6,879",+0.90%,+1.42%,+0.87%,+0.16%,+1.30%,+7.86%,+9.30%,+8.47%,+5.21%,+7.60%,27.8,35.1,26.3,24.2,27.5,0.42%,0.44%,0.42%,0.39%,0.43%
Jan-14,+0.77%,+0.89%,+0.85%,+0.63%,+0.62%,+13.54%,+14.03%,+14.26%,+12.66%,+11.39%,"6,420","7,608","5,914","6,069","6,922",+0.61%,+1.10%,+0.48%,+0.52%, -0.43%,+7.09%,+8.51%,+7.76%,+4.58%,+6.25%,27.9,35.5,26.4,24.3,27.4,0.42%,0.44%,0.42%,0.39%,0.40%
Feb-14,+0.57%,+0.57%,+0.63%,+0.50%,+0.57%,+13.13%,+13.30%,+13.92%,+12.26%,+11.28%,"6,456","7,651","5,951","6,099","6,961",+0.80%,+1.00%,+0.72%,+0.83%,+0.41%,+6.80%,+8.21%,+7.48%,+4.37%,+5.86%,28.2,35.8,26.6,24.5,27.5,0.42%,0.44%,0.42%,0.39%,0.40%
Mar-14,+0.64%,+0.68%,+0.64%,+0.56%,+0.81%,+12.89%,+13.18%,+13.52%,+12.18%,+11.07%,"6,497","7,703","5,989","6,133","7,018",+0.73%,+0.46%,+0.69%,+0.97%,+0.88%,+6.42%,+7.24%,+6.99%,+4.71%,+5.76%,28.4,36.0,26.8,24.7,27.8,0.42%,0.44%,0.42%,0.39%,0.40%
Apr-14,+0.49%,+0.49%,+0.53%,+0.40%,+0.65%,+12.23%,+12.72%,+12.83%,+11.57%,+10.43%,"6,529","7,741","6,020","6,158","7,064",+0.66%,+0.85%,+0.84%,+0.32%,+0.03%,+6.22%,+7.25%,+6.68%,+4.49%,+5.35%,28.5,36.3,27.0,24.8,27.8,0.42%,0.44%,0.42%,0.39%,0.40%
May-14,+0.49%,+0.54%,+0.49%,+0.42%,+0.67%,+11.65%,+12.57%,+12.06%,+10.91%,+10.12%,"6,560","7,783","6,050","6,184","7,111",+0.62%,+2.02%,+0.22%,+0.08%, -0.89%,+6.40%,+9.14%,+6.18%,+4.23%,+4.15%,28.7,37.1,27.1,24.8,27.5,0.42%,0.44%,0.42%,0.39%,0.39%
Jun-14,+0.50%,+0.50%,+0.50%,+0.46%,+0.67%,+10.95%,+11.59%,+11.36%,+10.19%,+10.18%,"6,593","7,822","6,080","6,212","7,159",+0.14%,+0.64%,+0.06%,+0.02%, -1.08%,+6.25%,+9.71%,+5.66%,+3.97%,+3.54%,28.8,37.3,27.1,24.8,27.2,0.42%,0.44%,0.42%,0.39%,0.39%
Jul-14,+0.60%,+0.74%,+0.58%,+0.56%,+0.63%,+10.41%,+10.67%,+10.81%,+9.83%,+10.06%,"6,632","7,880","6,116","6,247","7,204",+0.06%,+0.26%, -0.02%, -0.01%, -0.35%,+5.98%,+9.59%,+5.17%,+3.67%,+3.56%,28.8,37.4,27.1,24.8,27.1,0.41%,0.44%,0.42%,0.39%,0.38%
Aug-14,+0.68%,+0.95%,+0.63%,+0.60%,+0.56%,+9.86%,+10.36%,+10.27%,+9.21%,+9.24%,"6,677","7,955","6,154","6,285","7,244", -0.20%, -0.75%, -0.02%,+0.00%,+0.30%,+5.54%,+8.34%,+4.85%,+3.66%,+3.97%,28.7,37.1,27.1,24.8,27.2,0.41%,0.44%,0.41%,0.39%,0.38%
Sep-14,+0.55%,+0.65%,+0.59%,+0.53%,+0.30%,+9.16%,+9.84%,+9.60%,+8.41%,+8.31%,"6,714","8,007","6,191","6,318","7,266", -0.07%,+0.27%, -0.25%, -0.21%, -0.22%,+5.30%,+8.45%,+4.51%,+3.25%,+3.26%,28.7,37.2,27.0,24.8,27.1,0.41%,0.43%,0.41%,0.38%,0.38%
Oct-14,+0.45%,+0.44%,+0.46%,+0.48%,+0.33%,+8.23%,+9.30%,+8.57%,+7.39%,+7.52%,"6,745","8,042","6,219","6,349","7,290", -0.35%, -0.17%, -0.41%, -0.45%, -0.31%,+4.58%,+7.97%,+3.87%,+2.55%,+1.11%,28.6,37.1,26.9,24.7,27.1,0.40%,0.43%,0.41%,0.38%,0.38%
Nov-14,+0.45%,+0.29%,+0.56%,+0.53%,+0.29%,+7.37%,+8.17%,+7.73%,+6.72%,+6.94%,"6,775","8,065","6,254","6,382","7,311", -0.26%,+0.05%, -0.37%, -0.39%, -0.58%,+3.67%,+7.38%,+2.83%,+1.86%, -0.97%,28.5,37.2,26.8,24.6,26.9,0.40%,0.43%,0.40%,0.38%,0.37%
Dec-14,+0.33%,+0.44%,+0.27%,+0.30%,+0.37%,+6.70%,+7.43%,+6.93%,+6.16%,+6.67%,"6,797","8,101","6,271","6,402","7,338",+0.08%,+0.34%, -0.01%, -0.03%,+0.01%,+2.83%,+6.23%,+1.93%,+1.67%, -2.23%,28.5,37.3,26.8,24.6,26.9,0.40%,0.43%,0.40%,0.38%,0.37%
Jan-15,+0.39%,+0.54%,+0.27%,+0.35%,+0.53%,+6.29%,+7.05%,+6.32%,+5.86%,+6.57%,"6,824","8,145","6,288","6,424","7,376",+0.16%,+0.34%,+0.08%,+0.27%, -0.58%,+2.38%,+5.42%,+1.53%,+1.42%, -2.38%,28.6,37.4,26.8,24.6,26.7,0.40%,0.44%,0.40%,0.38%,0.37%
Feb-15,+0.17%,+0.15%, -0.02%,+0.28%,+0.53%,+5.87%,+6.61%,+5.64%,+5.63%,+6.52%,"6,835","8,157","6,286","6,442","7,415",+0.38%,+0.25%,+0.51%,+0.36%,+0.19%,+1.95%,+4.64%,+1.31%,+0.95%, -2.59%,28.7,37.5,27.0,24.7,26.8,0.40%,0.44%,0.41%,0.38%,0.37%
Mar-15,+0.14%, -0.25%,+0.14%,+0.37%,+0.40%,+5.34%,+5.62%,+5.12%,+5.43%,+6.09%,"6,844","8,136","6,295","6,466","7,445",+0.31%,+0.29%,+0.46%,+0.28%, -0.23%,+1.53%,+4.46%,+1.08%,+0.25%, -3.67%,28.8,37.6,27.1,24.8,26.7,0.40%,0.44%,0.41%,0.38%,0.37%
Apr-15,+0.39%,+0.26%,+0.42%,+0.49%,+0.40%,+5.25%,+5.38%,+5.01%,+5.52%,+5.82%,"6,871","8,158","6,322","6,498","7,475",+0.16%, -0.07%,+0.24%,+0.22%,+0.42%,+1.03%,+3.51%,+0.48%,+0.16%, -3.29%,28.8,37.6,27.2,24.8,26.8,0.40%,0.44%,0.41%,0.38%,0.37%
May-15,+0.16%,+0.02%,+0.20%,+0.24%,+0.28%,+4.91%,+4.83%,+4.70%,+5.33%,+5.42%,"6,882","8,159","6,334","6,513","7,496", -0.18%,+0.01%, -0.23%, -0.23%, -0.51%,+0.23%,+1.47%,+0.02%, -0.16%, -2.92%,28.8,37.6,27.1,24.8,26.7,0.40%,0.43%,0.40%,0.37%,0.36%
Jun-15,+0.13%,+0.07%,+0.06%,+0.23%,+0.30%,+4.52%,+4.38%,+4.24%,+5.08%,+5.03%,"6,891","8,165","6,338","6,528","7,519", -0.66%, -0.63%, -0.61%, -0.79%, -0.61%, -0.57%,+0.18%, -0.64%, -0.97%, -2.45%,28.6,37.4,26.9,24.6,26.6,0.40%,0.43%,0.40%,0.37%,0.36%
Jul-15,+0.13%, -0.00%,+0.11%,+0.15%,+0.44%,+4.03%,+3.62%,+3.74%,+4.65%,+4.83%,"6,900","8,165","6,345","6,538","7,552", -0.67%, -0.29%, -0.61%, -1.18%, -0.53%, -1.30%, -0.37%, -1.22%, -2.13%, -2.63%,28.4,37.2,26.8,24.3,26.4,0.39%,0.43%,0.39%,0.36%,0.36%
Aug-15, -0.01%, -0.27%,+0.01%,+0.10%,+0.32%,+3.32%,+2.37%,+3.10%,+4.13%,+4.58%,"6,899","8,143","6,345","6,545","7,576", -0.72%, -0.71%, -0.58%, -0.98%, -0.31%, -1.81%, -0.33%, -1.78%, -3.09%, -3.22%,28.2,37.0,26.6,24.1,26.3,0.39%,0.42%,0.39%,0.36%,0.35%
Sep-15, -0.12%, -0.48%, -0.04%, -0.02%,+0.23%,+2.63%,+1.22%,+2.45%,+3.56%,+4.51%,"6,891","8,104","6,342","6,543","7,594", -0.78%, -0.75%, -0.80%, -0.87%, -0.44%, -2.51%, -1.35%, -2.32%, -3.74%, -3.43%,28.0,36.7,26.4,23.8,26.2,0.39%,0.42%,0.39%,0.36%,0.35%
Oct-15, -0.01%, -0.20%,+0.03%,+0.09%,+0.07%,+2.16%,+0.57%,+2.01%,+3.15%,+4.24%,"6,890","8,088","6,345","6,549","7,599", -0.67%, -1.04%, -0.48%, -0.49%, -0.93%, -2.82%, -2.21%, -2.38%, -3.78%, -4.03%,27.8,36.3,26.3,23.7,26.0,0.38%,0.42%,0.39%,0.35%,0.35%
Nov-15, -0.05%, -0.27%, -0.02%,+0.09%,+0.03%,+1.66%,+0.01%,+1.43%,+2.71%,+3.97%,"6,887","8,066","6,343","6,555","7,601", -0.68%, -0.63%, -0.82%, -0.52%, -0.98%, -3.23%, -2.87%, -2.83%, -3.90%, -4.42%,27.6,36.1,26.1,23.6,25.7,0.38%,0.42%,0.38%,0.35%,0.34%
Dec-15,+0.00%,+0.07%, -0.01%,+0.01%, -0.12%,+1.32%, -0.36%,+1.15%,+2.41%,+3.47%,"6,887","8,072","6,342","6,556","7,592", -0.04%,+0.57%, -0.33%, -0.19%, -0.60%, -3.34%, -2.65%, -3.14%, -4.05%, -5.00%,27.6,36.3,26.0,23.6,25.6,0.38%,0.42%,0.38%,0.35%,0.34%
Jan-16, -0.08%,+0.08%, -0.18%, -0.05%, -0.17%,+0.85%, -0.81%,+0.69%,+2.00%,+2.75%,"6,882","8,078","6,331","6,553","7,579", -0.16%,+0.07%, -0.34%, -0.25%, -0.05%, -3.66%, -2.91%, -3.54%, -4.55%, -4.49%,27.5,36.3,25.9,23.5,25.5,0.38%,0.42%,0.38%,0.35%,0.33%
Feb-16, -0.05%,+0.11%, -0.08%, -0.06%, -0.30%,+0.64%, -0.85%,+0.63%,+1.66%,+1.91%,"6,879","8,087","6,326","6,549","7,557",+0.00%,+0.16%, -0.05%, -0.17%,+0.23%, -4.02%, -3.00%, -4.08%, -5.05%, -4.46%,27.6,36.4,25.9,23.5,25.6,0.38%,0.42%,0.38%,0.35%,0.34%
Mar-16,+0.03%, -0.04%,+0.03%,+0.04%,+0.10%,+0.53%, -0.64%,+0.51%,+1.33%,+1.59%,"6,880","8,084","6,327","6,552","7,564", -0.12%, -0.14%, -0.02%, -0.24%,+0.08%, -4.43%, -3.42%, -4.54%, -5.55%, -4.16%,27.5,36.3,25.9,23.4,25.6,0.38%,0.42%,0.38%,0.35%,0.34%
Apr-16,+0.07%, -0.05%,+0.09%,+0.11%,+0.26%,+0.21%, -0.95%,+0.18%,+0.94%,+1.45%,"6,885","8,080","6,333","6,559","7,584", -0.22%, -0.10%, -0.32%, -0.28%, -0.02%, -4.80%, -3.45%, -5.06%, -6.02%, -4.57%,27.5,36.3,25.8,23.3,25.6,0.38%,0.42%,0.38%,0.34%,0.34%
May-16,+0.07%,+0.12%, -0.05%,+0.09%,+0.26%,+0.11%, -0.85%, -0.07%,+0.79%,+1.43%,"6,890","8,090","6,330","6,565","7,603", -0.52%, -0.42%, -0.60%, -0.52%, -0.41%, -5.12%, -3.86%, -5.41%, -6.29%, -4.47%,27.3,36.1,25.6,23.2,25.5,0.38%,0.42%,0.38%,0.34%,0.33%
Jun-16, -0.00%, -0.18%,+0.06%,+0.09%,+0.07%, -0.02%, -1.10%, -0.07%,+0.65%,+1.19%,"6,890","8,075","6,334","6,570","7,608", -0.77%, -0.89%, -0.71%, -0.65%, -0.66%, -5.23%, -4.11%, -5.51%, -6.16%, -4.52%,27.1,35.8,25.5,23.1,25.4,0.37%,0.42%,0.38%,0.34%,0.33%
Jul-16,+0.06%, -0.08%,+0.11%,+0.11%,+0.12%, -0.09%, -1.18%, -0.07%,+0.61%,+0.87%,"6,894","8,069","6,340","6,577","7,617", -0.67%, -0.85%, -0.60%, -0.55%, -0.45%, -5.23%, -4.65%, -5.51%, -5.56%, -4.44%,26.9,35.5,25.3,22.9,25.2,0.37%,0.41%,0.37%,0.34%,0.33%
Aug-16,+0.05%, -0.19%,+0.06%,+0.20%,+0.27%, -0.03%, -1.10%, -0.01%,+0.70%,+0.82%,"6,897","8,054","6,344","6,590","7,638", -0.37%, -0.54%, -0.27%, -0.31%, -0.19%, -4.90%, -4.48%, -5.21%, -4.92%, -4.33%,26.8,35.3,25.2,22.9,25.2,0.37%,0.41%,0.37%,0.34%,0.33%
Sep-16,+0.12%,+0.03%,+0.13%,+0.11%,+0.32%,+0.22%, -0.59%,+0.15%,+0.83%,+0.91%,"6,906","8,056","6,352","6,597","7,662", -0.14%, -0.17%, -0.21%, -0.08%,+0.21%, -4.28%, -3.93%, -4.66%, -4.16%, -3.70%,26.8,35.3,25.2,22.9,25.2,0.37%,0.41%,0.37%,0.34%,0.33%
Oct-16,+0.11%,+0.08%,+0.11%,+0.09%,+0.21%,+0.33%, -0.31%,+0.23%,+0.83%,+1.04%,"6,913","8,063","6,359","6,603","7,679", -0.17%, -0.30%, -0.19%, -0.08%,+0.33%, -3.80%, -3.20%, -4.38%, -3.77%, -2.48%,26.7,35.2,25.1,22.8,25.3,0.37%,0.41%,0.37%,0.33%,0.33%
Nov-16,+0.07%,+0.06%,+0.07%,+0.02%,+0.24%,+0.45%,+0.02%,+0.32%,+0.76%,+1.26%,"6,918","8,068","6,363","6,605","7,697", -0.11%, -0.29%, -0.13%,+0.02%,+0.27%, -3.24%, -2.87%, -3.71%, -3.25%, -1.25%,26.7,35.1,25.1,22.8,25.4,0.36%,0.41%,0.37%,0.33%,0.32%
Dec-16,+0.13%,+0.39%,+0.08%,+0.04%,+0.14%,+0.57%,+0.35%,+0.41%,+0.79%,+1.52%,"6,927","8,100","6,368","6,608","7,708", -0.02%, -0.04%, -0.09%,+0.09%, -0.06%, -3.23%, -3.46%, -3.48%, -2.99%, -0.72%,26.7,35.0,25.1,22.9,25.4,0.36%,0.40%,0.36%,0.33%,0.32%
Jan-17, -0.00%,+0.09%, -0.05%, -0.03%,+0.04%,+0.65%,+0.35%,+0.54%,+0.81%,+1.74%,"6,927","8,107","6,365","6,606","7,711",+0.17%,+0.22%,+0.12%,+0.19%,+0.07%, -2.90%, -3.31%, -3.04%, -2.55%, -0.59%,26.7,35.1,25.1,22.9,25.4,0.36%,0.40%,0.36%,0.33%,0.31%
Feb-17,+0.13%,+0.31%,+0.09%,+0.13%,+0.07%,+0.84%,+0.55%,+0.71%,+1.00%,+2.11%,"6,936","8,132","6,370","6,614","7,716",+0.15%,+0.27%,+0.06%,+0.18%, -0.09%, -2.76%, -3.20%, -2.94%, -2.21%, -0.90%,26.8,35.2,25.1,22.9,25.4,0.36%,0.40%,0.36%,0.33%,0.31%
Mar-17, -0.04%, -0.20%, -0.03%,+0.04%,+0.08%,+0.77%,+0.38%,+0.65%,+0.99%,+2.09%,"6,933","8,116","6,368","6,617","7,722",+0.15%,+0.31%,+0.07%,+0.11%,+0.06%, -2.50%, -2.76%, -2.85%, -1.87%, -0.93%,26.8,35.3,25.1,23.0,25.4,0.36%,0.40%,0.36%,0.33%,0.31%
Apr-17, -0.01%, -0.13%, -0.05%,+0.09%,+0.16%,+0.69%,+0.30%,+0.51%,+0.98%,+1.99%,"6,933","8,105","6,365","6,623","7,735",+0.09%,+0.30%,+0.11%, -0.10%, -0.22%, -2.20%, -2.37%, -2.43%, -1.69%, -1.13%,26.9,35.4,25.2,22.9,25.3,0.36%,0.40%,0.37%,0.33%,0.31%
May-17, -0.16%, -0.35%, -0.20%, -0.04%,+0.12%,+0.46%, -0.17%,+0.35%,+0.84%,+1.86%,"6,922","8,076","6,352","6,620","7,744",+0.03%,+0.07%,+0.13%, -0.07%, -0.17%, -1.65%, -1.88%, -1.72%, -1.25%, -0.89%,26.9,35.5,25.2,22.9,25.3,0.36%,0.40%,0.37%,0.33%,0.31%
Jun-17, -0.15%, -0.37%, -0.15%, -0.04%,+0.17%,+0.31%, -0.36%,+0.15%,+0.72%,+1.96%,"6,911","8,046","6,343","6,618","7,757", -0.12%, -0.18%, -0.07%, -0.07%, -0.28%, -1.01%, -1.18%, -1.08%, -0.67%, -0.51%,26.8,35.4,25.2,22.9,25.2,0.36%,0.40%,0.37%,0.33%,0.30%
Jul-17, -0.15%, -0.42%, -0.10%, -0.02%,+0.07%,+0.10%, -0.71%, -0.06%,+0.59%,+1.91%,"6,901","8,012","6,336","6,616","7,763", -0.21%, -0.71%, -0.13%,+0.08%,+0.37%, -0.55%, -1.04%, -0.60%, -0.05%,+0.31%,26.8,35.1,25.1,22.9,25.3,0.36%,0.40%,0.37%,0.33%,0.31%
Aug-17, -0.12%, -0.33%, -0.12%, -0.04%,+0.14%, -0.07%, -0.84%, -0.24%,+0.35%,+1.77%,"6,892","7,986","6,329","6,613","7,773", -0.33%, -0.53%, -0.44%, -0.23%,+0.64%, -0.51%, -1.03%, -0.76%,+0.03%,+1.14%,26.7,35.0,25.0,22.9,25.5,0.36%,0.40%,0.37%,0.33%,0.31%
Sep-17, -0.07%, -0.11%, -0.11%, -0.06%,+0.18%, -0.26%, -0.98%, -0.47%,+0.18%,+1.63%,"6,888","7,977","6,322","6,609","7,787", -0.29%, -0.52%, -0.26%, -0.27%,+0.49%, -0.66%, -1.38%, -0.81%, -0.16%,+1.43%,26.6,34.8,25.0,22.8,25.6,0.36%,0.40%,0.36%,0.33%,0.31%
Oct-17,+0.00%,+0.03%, -0.03%, -0.04%,+0.18%, -0.37%, -1.02%, -0.61%,+0.04%,+1.60%,"6,888","7,980","6,320","6,606","7,802", -0.28%, -0.14%, -0.37%, -0.35%, -0.05%, -0.77%, -1.23%, -0.99%, -0.42%,+1.05%,26.5,34.7,24.9,22.7,25.6,0.36%,0.40%,0.36%,0.33%,0.31%
Nov-17,+0.03%,+0.06%,+0.06%, -0.02%,+0.11%, -0.41%, -1.02%, -0.61%, -0.00%,+1.47%,"6,890","7,985","6,324","6,605","7,810", -0.14%, -0.20%, -0.06%, -0.01%, -0.75%, -0.81%, -1.14%, -0.93%, -0.45%,+0.02%,26.5,34.7,24.9,22.7,25.4,0.36%,0.40%,0.36%,0.33%,0.31%
Dec-17,+0.01%, -0.05%,+0.03%,+0.02%,+0.07%, -0.53%, -1.46%, -0.66%, -0.03%,+1.40%,"6,890","7,981","6,326","6,606","7,816",+0.09%,+0.17%,+0.14%,+0.02%, -0.19%, -0.69%, -0.93%, -0.70%, -0.52%, -0.11%,26.5,34.7,24.9,22.7,25.3,0.36%,0.40%,0.36%,0.33%,0.30%
Jan-18, -0.01%, -0.00%, -0.02%, -0.00%,+0.02%, -0.54%, -1.55%, -0.63%, -0.01%,+1.38%,"6,889","7,981","6,325","6,606","7,817",+0.35%,+0.26%,+0.41%,+0.38%,+0.17%, -0.52%, -0.90%, -0.41%, -0.33%, -0.01%,26.6,34.8,25.0,22.8,25.4,0.36%,0.40%,0.37%,0.33%,0.31%
Feb-18, -0.05%, -0.14%, -0.07%,+0.03%, -0.02%, -0.72%, -1.99%, -0.79%, -0.11%,+1.29%,"6,886","7,970","6,320","6,607","7,816",+0.58%,+0.77%,+0.50%,+0.36%,+0.75%, -0.09%, -0.41%,+0.03%, -0.15%,+0.82%,26.8,35.1,25.1,22.9,25.6,0.36%,0.41%,0.37%,0.33%,0.31%
Mar-18, -0.02%, -0.10%, -0.04%,+0.10%, -0.01%, -0.70%, -1.90%, -0.80%, -0.04%,+1.20%,"6,885","7,962","6,318","6,614","7,815",+0.54%,+0.64%,+0.44%,+0.53%,+0.60%,+0.30%, -0.07%,+0.40%,+0.27%,+1.36%,26.9,35.3,25.2,23.0,25.7,0.37%,0.41%,0.37%,0.33%,0.31%
Apr-18, -0.01%, -0.05%, -0.03%,+0.07%,+0.01%, -0.70%, -1.82%, -0.77%, -0.07%,+1.05%,"6,884","7,957","6,316","6,619","7,816",+0.29%,+0.47%,+0.24%,+0.17%,+0.14%,+0.50%,+0.09%,+0.53%,+0.54%,+1.72%,27.0,35.5,25.3,23.1,25.8,0.37%,0.41%,0.37%,0.33%,0.31%
May-18, -0.01%, -0.04%, -0.05%,+0.03%,+0.07%, -0.56%, -1.51%, -0.62%,+0.01%,+1.00%,"6,883","7,954","6,313","6,621","7,822",+0.13%,+0.27%,+0.09%,+0.06%, -0.03%,+0.60%,+0.29%,+0.49%,+0.68%,+1.86%,27.0,35.6,25.3,23.1,25.8,0.37%,0.41%,0.37%,0.33%,0.31%
Jun-18, -0.06%, -0.02%, -0.07%, -0.10%, -0.02%, -0.47%, -1.17%, -0.54%, -0.05%,+0.81%,"6,879","7,952","6,309","6,614","7,820",+0.03%,+0.05%,+0.16%, -0.13%, -0.26%,+0.75%,+0.52%,+0.72%,+0.62%,+1.88%,27.0,35.6,25.4,23.1,25.7,0.37%,0.41%,0.38%,0.33%,0.31%
Jul-18, -0.07%, -0.08%, -0.06%, -0.08%, -0.07%, -0.38%, -0.83%, -0.49%, -0.11%,+0.67%,"6,874","7,946","6,305","6,609","7,815",+0.06%,+0.11%,+0.24%, -0.09%, -0.49%,+1.02%,+1.35%,+1.09%,+0.45%,+1.01%,27.0,35.6,25.4,23.0,25.6,0.37%,0.41%,0.38%,0.33%,0.31%
Aug-18, -0.06%, -0.01%, -0.05%, -0.06%, -0.17%, -0.32%, -0.51%, -0.43%, -0.12%,+0.36%,"6,870","7,945","6,302","6,605","7,802",+0.08%,+0.17%,+0.23%, -0.12%, -0.48%,+1.44%,+2.06%,+1.76%,+0.56%, -0.12%,27.1,35.7,25.5,23.0,25.4,0.37%,0.42%,0.38%,0.33%,0.31%
Sep-18, -0.03%, -0.02%, -0.02%, -0.03%, -0.07%, -0.28%, -0.43%, -0.34%, -0.09%,+0.11%,"6,868","7,943","6,300","6,603","7,796", -0.01%,+0.42%,+0.03%, -0.29%, -1.17%,+1.72%,+3.03%,+2.06%,+0.54%, -1.77%,27.1,35.8,25.5,22.9,25.1,0.37%,0.42%,0.38%,0.33%,0.30%
Oct-18, -0.06%, -0.16%, -0.05%,+0.03%, -0.07%, -0.35%, -0.62%, -0.36%, -0.02%, -0.15%,"6,864","7,931","6,297","6,605","7,790", -0.04%,+0.64%, -0.23%, -0.31%, -0.91%,+1.97%,+3.83%,+2.21%,+0.58%, -2.62%,27.1,36.1,25.4,22.9,24.9,0.37%,0.42%,0.38%,0.33%,0.30%
Nov-18,+0.06%, -0.10%,+0.06%,+0.19%,+0.16%, -0.31%, -0.78%, -0.36%,+0.19%, -0.10%,"6,868","7,923","6,301","6,617","7,802", -0.08%,+0.23%, -0.16%, -0.10%, -0.80%,+2.03%,+4.28%,+2.11%,+0.49%, -2.67%,27.0,36.1,25.4,22.8,24.7,0.37%,0.42%,0.38%,0.33%,0.30%
Dec-18,+0.11%,+0.05%,+0.13%,+0.20%,+0.09%, -0.21%, -0.68%, -0.27%,+0.37%, -0.09%,"6,876","7,927","6,309","6,630","7,809",+0.38%,+0.64%,+0.14%,+0.44%,+0.42%,+2.33%,+4.77%,+2.11%,+0.91%, -2.07%,27.1,36.4,25.4,22.9,24.8,0.37%,0.43%,0.38%,0.33%,0.30%
Jan-19,+0.13%,+0.09%,+0.16%,+0.12%,+0.13%, -0.06%, -0.59%, -0.08%,+0.50%,+0.02%,"6,885","7,934","6,319","6,639","7,819",+0.41%,+0.59%,+0.33%,+0.32%,+0.41%,+2.39%,+5.11%,+2.02%,+0.84%, -1.83%,27.2,36.6,25.5,23.0,24.9,0.37%,0.43%,0.38%,0.33%,0.30%
Feb-19,+0.08%,+0.14%,+0.15%, -0.04%, -0.04%,+0.07%, -0.31%,+0.14%,+0.43%,+0.00%,"6,891","7,945","6,329","6,636","7,816",+0.65%,+1.11%,+0.50%,+0.44%,+0.29%,+2.47%,+5.46%,+2.02%,+0.92%, -2.28%,27.4,37.0,25.6,23.1,25.0,0.37%,0.43%,0.38%,0.34%,0.30%
Mar-19,+0.02%, -0.01%,+0.08%, -0.01%, -0.07%,+0.11%, -0.22%,+0.26%,+0.32%, -0.05%,"6,892","7,944","6,334","6,635","7,811",+0.61%,+0.57%,+0.72%,+0.61%,+0.21%,+2.54%,+5.38%,+2.30%,+1.00%, -2.65%,27.6,37.2,25.8,23.3,25.1,0.38%,0.43%,0.38%,0.34%,0.30%
Apr-19,+0.14%,+0.22%,+0.25%,+0.03%, -0.13%,+0.26%,+0.05%,+0.53%,+0.28%, -0.20%,"6,902","7,961","6,350","6,637","7,801",+0.81%,+0.65%,+1.03%,+0.81%,+0.41%,+3.06%,+5.57%,+3.11%,+1.65%, -2.39%,27.8,37.4,26.1,23.5,25.2,0.38%,0.44%,0.39%,0.34%,0.31%
May-19, -0.06%,+0.06%, -0.04%, -0.10%, -0.34%,+0.21%,+0.15%,+0.54%,+0.15%, -0.61%,"6,898","7,966","6,347","6,631","7,774",+0.56%,+0.36%,+0.57%,+0.80%,+0.53%,+3.50%,+5.66%,+3.60%,+2.40%, -1.84%,28.0,37.6,26.2,23.6,25.3,0.38%,0.44%,0.39%,0.34%,0.31%
Jun-19, -0.03%,+0.08%, -0.03%, -0.11%, -0.19%,+0.25%,+0.25%,+0.58%,+0.14%, -0.78%,"6,896","7,972","6,345","6,623","7,760",+0.36%,+0.41%,+0.16%,+0.48%,+0.89%,+3.85%,+6.05%,+3.60%,+3.02%, -0.71%,28.1,37.7,26.3,23.8,25.5,0.38%,0.44%,0.39%,0.35%,0.31%
Jul-19, -0.03%, -0.04%, -0.01%, -0.09%, -0.02%,+0.28%,+0.29%,+0.63%,+0.13%, -0.73%,"6,894","7,969","6,345","6,617","7,758",+0.08%,+0.06%, -0.07%,+0.23%,+0.64%,+3.88%,+6.00%,+3.28%,+3.35%,+0.41%,28.1,37.8,26.3,23.8,25.7,0.38%,0.44%,0.39%,0.35%,0.31%
Aug-19,+0.06%,+0.00%,+0.05%,+0.03%,+0.24%,+0.40%,+0.30%,+0.74%,+0.22%, -0.32%,"6,898","7,969","6,348","6,619","7,776",+0.07%, -0.02%,+0.04%,+0.23%,+0.27%,+3.87%,+5.79%,+3.09%,+3.71%,+1.18%,28.1,37.7,26.3,23.9,25.7,0.39%,0.44%,0.39%,0.35%,0.31%
Sep-19, -0.15%, -0.26%, -0.15%, -0.01%, -0.19%,+0.28%,+0.07%,+0.61%,+0.23%, -0.44%,"6,887","7,948","6,339","6,618","7,761",+0.22%,+0.20%,+0.27%,+0.21%, -0.07%,+4.11%,+5.55%,+3.35%,+4.22%,+2.29%,28.2,37.8,26.3,23.9,25.7,0.39%,0.45%,0.39%,0.35%,0.31%
Oct-19, -0.14%, -0.34%, -0.11%, -0.03%, -0.15%,+0.19%, -0.11%,+0.54%,+0.18%, -0.52%,"6,877","7,922","6,332","6,617","7,750",+0.41%,+0.69%,+0.41%,+0.24%, -0.22%,+4.58%,+5.60%,+4.00%,+4.79%,+3.01%,28.3,38.1,26.4,24.0,25.7,0.39%,0.46%,0.40%,0.35%,0.31%
Nov-19,+0.00%, -0.01%,+0.02%,+0.02%, -0.10%,+0.14%, -0.02%,+0.50%,+0.01%, -0.77%,"6,878","7,921","6,333","6,618","7,742",+0.36%,+0.19%,+0.39%,+0.44%,+0.66%,+5.03%,+5.56%,+4.58%,+5.35%,+4.52%,28.4,38.2,26.6,24.1,25.8,0.39%,0.46%,0.40%,0.35%,0.31%
Dec-19, -0.02%,+0.01%,+0.01%, -0.09%, -0.02%,+0.00%, -0.06%,+0.39%, -0.27%, -0.88%,"6,876","7,922","6,334","6,612","7,741",+0.28%, -0.08%,+0.44%,+0.31%,+0.89%,+4.93%,+4.81%,+4.90%,+5.22%,+5.01%,28.5,38.1,26.7,24.1,26.1,0.39%,0.46%,0.40%,0.35%,0.32%
Jan-20,+0.16%,+0.20%,+0.18%,+0.07%,+0.21%,+0.02%,+0.05%,+0.41%, -0.32%, -0.79%,"6,887","7,938","6,345","6,617","7,757",+0.38%,+0.09%,+0.52%,+0.58%,+0.42%,+4.90%,+4.28%,+5.09%,+5.49%,+5.02%,28.6,38.2,26.8,24.3,26.2,0.40%,0.46%,0.40%,0.35%,0.31%
Feb-20,+0.15%,+0.19%,+0.19%,+0.05%,+0.19%,+0.10%,+0.10%,+0.45%, -0.23%, -0.57%,"6,897","7,953","6,357","6,620","7,772",+0.51%,+0.25%,+0.62%,+0.61%,+0.83%,+4.75%,+3.40%,+5.22%,+5.67%,+5.58%,28.7,38.3,27.0,24.4,26.4,0.40%,0.46%,0.40%,0.35%,0.31%
Mar-20,+0.18%,+0.33%,+0.16%,+0.09%,+0.13%,+0.25%,+0.45%,+0.53%, -0.13%, -0.37%,"6,910","7,979","6,368","6,626","7,782",+0.99%,+1.18%,+0.85%,+0.82%,+1.34%,+5.14%,+4.02%,+5.35%,+5.89%,+6.77%,29.0,38.7,27.2,24.6,26.7,0.40%,0.47%,0.41%,0.36%,0.32%
Apr-20,+0.20%,+0.35%,+0.17%,+0.13%,+0.11%,+0.31%,+0.57%,+0.46%, -0.04%, -0.13%,"6,923","8,007","6,378","6,635","7,791",+0.95%,+1.13%,+0.88%,+0.74%,+1.02%,+5.29%,+4.53%,+5.19%,+5.82%,+7.42%,29.3,39.1,27.4,24.8,27.0,0.40%,0.47%,0.41%,0.36%,0.32%
May-20,+0.23%,+0.37%,+0.20%,+0.17%,+0.08%,+0.60%,+0.89%,+0.70%,+0.23%,+0.29%,"6,939","8,037","6,391","6,646","7,797",+0.42%,+0.54%,+0.35%,+0.46%,+0.05%,+5.15%,+4.72%,+4.96%,+5.46%,+6.91%,29.4,39.4,27.5,24.9,27.0,0.41%,0.47%,0.41%,0.36%,0.32%
Jun-20,+0.18%,+0.15%,+0.19%,+0.15%,+0.24%,+0.81%,+0.96%,+0.92%,+0.50%,+0.71%,"6,952","8,049","6,404","6,657","7,815", -0.13%, -0.32%, -0.21%,+0.14%,+0.01%,+4.63%,+3.95%,+4.57%,+5.11%,+5.98%,29.4,39.2,27.5,25.0,27.0,0.40%,0.47%,0.41%,0.36%,0.32%
Jul-20,+0.28%,+0.28%,+0.31%,+0.24%,+0.34%,+1.13%,+1.29%,+1.24%,+0.84%,+1.08%,"6,972","8,072","6,424","6,673","7,842", -0.40%, -0.61%, -0.54%, -0.22%,+0.61%,+4.12%,+3.26%,+4.07%,+4.64%,+5.95%,29.3,39.0,27.3,24.9,27.2,0.40%,0.46%,0.41%,0.36%,0.32%
Aug-20,+0.37%,+0.30%,+0.36%,+0.43%,+0.47%,+1.45%,+1.59%,+1.55%,+1.24%,+1.31%,"6,997","8,096","6,447","6,701","7,878", -0.28%, -0.50%, -0.42%, -0.11%,+0.77%,+3.75%,+2.76%,+3.60%,+4.29%,+6.48%,29.2,38.8,27.2,24.9,27.4,0.40%,0.46%,0.40%,0.36%,0.32%
Sep-20,+0.53%,+0.45%,+0.53%,+0.61%,+0.69%,+2.14%,+2.31%,+2.24%,+1.87%,+2.20%,"7,035","8,132","6,480","6,742","7,933", -0.31%, -0.58%, -0.30%, -0.25%,+0.79%,+3.20%,+1.96%,+3.00%,+3.81%,+7.40%,29.1,38.6,27.1,24.8,27.6,0.40%,0.46%,0.40%,0.35%,0.32%
Oct-20,+0.42%,+0.17%,+0.45%,+0.48%,+0.76%,+2.71%,+2.83%,+2.82%,+2.39%,+3.14%,"7,064","8,146","6,510","6,775","7,993", -0.12%, -0.48%, -0.06%,+0.11%,+0.33%,+2.66%,+0.78%,+2.53%,+3.68%,+7.98%,29.0,38.4,27.1,24.8,27.7,0.39%,0.45%,0.40%,0.35%,0.32%
Nov-20,+0.45%,+0.23%,+0.49%,+0.48%,+0.78%,+3.17%,+3.07%,+3.31%,+2.86%,+4.04%,"7,096","8,165","6,542","6,807","8,055",+0.03%, -0.15%,+0.01%,+0.10%,+0.77%,+2.32%,+0.44%,+2.13%,+3.33%,+8.10%,29.1,38.3,27.1,24.9,27.9,0.39%,0.45%,0.40%,0.35%,0.32%
Dec-20,+0.46%,+0.50%,+0.43%,+0.36%,+0.76%,+3.67%,+3.58%,+3.73%,+3.32%,+4.85%,"7,128","8,206","6,570","6,832","8,116",+0.43%,+0.59%,+0.29%,+0.44%,+0.50%,+2.48%,+1.11%,+1.99%,+3.46%,+7.67%,29.2,38.5,27.2,25.0,28.1,0.39%,0.45%,0.40%,0.35%,0.32%
Jan-21,+0.35%,+0.58%,+0.21%,+0.30%,+0.40%,+3.87%,+3.97%,+3.76%,+3.56%,+5.06%,"7,154","8,253","6,584","6,853","8,149",+0.21%,+0.16%,+0.28%,+0.27%, -0.15%,+2.31%,+1.19%,+1.74%,+3.15%,+7.07%,29.2,38.6,27.3,25.0,28.0,0.39%,0.45%,0.40%,0.35%,0.32%
Feb-21,+0.26%,+0.35%,+0.16%,+0.24%,+0.45%,+3.99%,+4.14%,+3.73%,+3.76%,+5.32%,"7,173","8,282","6,595","6,870","8,185",+0.24%, -0.10%,+0.36%,+0.43%,+0.18%,+2.03%,+0.84%,+1.49%,+2.96%,+6.39%,29.3,38.6,27.4,25.2,28.1,0.39%,0.45%,0.40%,0.35%,0.32%
Mar-21,+0.18%,+0.19%,+0.04%,+0.29%,+0.22%,+3.99%,+4.00%,+3.60%,+3.97%,+5.41%,"7,185","8,298","6,597","6,890","8,203",+0.02%, -0.52%,+0.12%,+0.46%,+0.10%,+1.05%, -0.86%,+0.75%,+2.59%,+5.08%,29.3,38.4,27.4,25.3,28.1,0.39%,0.44%,0.40%,0.35%,0.32%
Apr-21,+0.30%,+0.37%,+0.16%,+0.37%,+0.36%,+4.10%,+4.02%,+3.59%,+4.23%,+5.68%,"7,207","8,329","6,607","6,915","8,233",+0.19%, -0.11%,+0.16%,+0.45%,+0.92%,+0.29%, -2.08%,+0.03%,+2.29%,+4.98%,29.4,38.3,27.4,25.4,28.4,0.39%,0.44%,0.40%,0.35%,0.32%
May-21,+0.48%,+0.53%,+0.39%,+0.54%,+0.43%,+4.36%,+4.19%,+3.78%,+4.61%,+6.06%,"7,242","8,373","6,633","6,952","8,269",+0.11%, -0.29%,+0.25%,+0.35%,+0.18%, -0.02%, -2.89%, -0.06%,+2.18%,+5.12%,29.4,38.2,27.5,25.5,28.4,0.39%,0.44%,0.40%,0.35%,0.32%
Jun-21,+0.57%,+0.50%,+0.61%,+0.64%,+0.38%,+4.76%,+4.54%,+4.21%,+5.11%,+6.21%,"7,283","8,415","6,674","6,997","8,300", -0.00%, -0.49%,+0.17%,+0.19%,+0.47%,+0.11%, -3.05%,+0.33%,+2.22%,+5.60%,29.4,38.0,27.6,25.5,28.6,0.39%,0.43%,0.39%,0.35%,0.32%
Jul-21,+0.64%,+0.49%,+0.72%,+0.71%,+0.47%,+5.13%,+4.76%,+4.64%,+5.60%,+6.34%,"7,330","8,456","6,722","7,046","8,339",+0.13%, -0.30%,+0.31%,+0.37%,+0.17%,+0.64%, -2.75%,+1.19%,+2.83%,+5.13%,29.4,37.9,27.7,25.6,28.6,0.38%,0.43%,0.39%,0.35%,0.32%
Aug-21,+0.50%,+0.59%,+0.41%,+0.61%,+0.33%,+5.27%,+5.07%,+4.69%,+5.79%,+6.20%,"7,367","8,506","6,749","7,089","8,366",+0.37%,+0.22%,+0.40%,+0.45%,+0.66%,+1.30%, -2.04%,+2.01%,+3.41%,+5.02%,29.5,38.0,27.8,25.7,28.8,0.38%,0.43%,0.39%,0.35%,0.32%
Sep-21,+0.43%,+0.65%,+0.33%,+0.41%,+0.26%,+5.17%,+5.28%,+4.49%,+5.57%,+5.74%,"7,398","8,561","6,771","7,118","8,388",+0.52%,+0.40%,+0.59%,+0.56%,+0.59%,+2.14%, -1.07%,+2.93%,+4.25%,+4.81%,29.7,38.1,27.9,25.9,29.0,0.39%,0.43%,0.40%,0.35%,0.32%
Oct-21,+0.43%,+0.56%,+0.41%,+0.42%,+0.18%,+5.18%,+5.69%,+4.44%,+5.51%,+5.13%,"7,430","8,609","6,799","7,148","8,403",+0.57%,+0.22%,+0.67%,+0.76%,+0.73%,+2.85%, -0.38%,+3.67%,+4.94%,+5.23%,29.9,38.2,28.1,26.1,29.2,0.39%,0.43%,0.40%,0.35%,0.32%
Nov-21,+0.53%,+0.54%,+0.64%,+0.44%,+0.30%,+5.27%,+6.01%,+4.59%,+5.47%,+4.63%,"7,469","8,656","6,842","7,180","8,428",+0.66%,+0.53%,+0.63%,+0.91%,+0.51%,+3.49%,+0.29%,+4.32%,+5.78%,+4.96%,30.1,38.4,28.3,26.3,29.3,0.39%,0.43%,0.40%,0.35%,0.32%
Dec-21,+0.48%,+0.52%,+0.53%,+0.42%,+0.36%,+5.29%,+6.03%,+4.70%,+5.53%,+4.22%,"7,505","8,701","6,879","7,210","8,459",+0.80%,+0.59%,+0.75%,+1.12%,+0.82%,+3.87%,+0.30%,+4.79%,+6.50%,+5.30%,30.3,38.7,28.5,26.6,29.6,0.39%,0.43%,0.40%,0.36%,0.32%
Jan-22,+0.53%,+0.56%,+0.52%,+0.45%,+0.62%,+5.47%,+6.01%,+5.02%,+5.68%,+4.45%,"7,545","8,749","6,914","7,242","8,511",+1.03%,+1.02%,+1.02%,+1.10%,+1.05%,+4.71%,+1.16%,+5.56%,+7.38%,+6.56%,30.6,39.1,28.8,26.9,29.9,0.39%,0.43%,0.40%,0.36%,0.33%
Feb-22,+0.49%,+0.54%,+0.43%,+0.43%,+0.76%,+5.71%,+6.20%,+5.30%,+5.88%,+4.78%,"7,582","8,796","6,944","7,273","8,576",+1.36%,+1.17%,+1.31%,+1.49%,+2.12%,+5.89%,+2.45%,+6.56%,+8.52%,+8.63%,31.0,39.5,29.2,27.3,30.5,0.39%,0.43%,0.40%,0.36%,0.33%
Mar-22,+0.55%,+0.51%,+0.51%,+0.49%,+0.82%,+6.10%,+6.54%,+5.80%,+6.08%,+5.40%,"7,624","8,841","6,980","7,309","8,646",+1.63%,+1.59%,+1.62%,+1.70%,+1.85%,+7.59%,+4.62%,+8.15%,+9.86%,+10.53%,31.5,40.1,29.6,27.8,31.1,0.40%,0.44%,0.41%,0.37%,0.33%
Apr-22,+0.48%,+0.64%,+0.42%,+0.42%,+0.44%,+6.29%,+6.82%,+6.07%,+6.13%,+5.48%,"7,660","8,897","7,009","7,340","8,685",+1.84%,+1.96%,+1.87%,+1.88%,+0.95%,+9.36%,+6.79%,+10.00%,+11.43%,+10.56%,32.1,40.9,30.2,28.3,31.4,0.40%,0.44%,0.41%,0.37%,0.33%
May-22,+0.41%,+0.62%,+0.28%,+0.47%,+0.24%,+6.21%,+6.91%,+5.96%,+6.07%,+5.28%,"7,692","8,952","7,028","7,374","8,705",+1.70%,+1.79%,+2.10%,+1.48%,+0.11%,+11.11%,+9.01%,+12.02%,+12.68%,+10.48%,32.7,41.7,30.8,28.7,31.4,0.41%,0.45%,0.42%,0.38%,0.34%
Jun-22,+0.47%,+0.74%,+0.34%,+0.49%,+0.28%,+6.10%,+7.17%,+5.67%,+5.91%,+5.17%,"7,727","9,018","7,052","7,410","8,729",+1.58%,+1.58%,+2.01%,+1.22%,+0.49%,+12.86%,+11.28%,+14.08%,+13.84%,+10.51%,33.2,42.3,31.4,29.1,31.6,0.41%,0.45%,0.43%,0.38%,0.34%
Jul-22,+0.52%,+0.76%,+0.43%,+0.46%,+0.36%,+5.97%,+7.46%,+5.36%,+5.65%,+5.06%,"7,767","9,087","7,082","7,444","8,761",+1.37%,+1.26%,+1.74%,+1.09%,+0.93%,+14.25%,+13.02%,+15.71%,+14.65%,+11.35%,33.6,42.9,32.0,29.4,31.8,0.42%,0.45%,0.43%,0.38%,0.34%
Aug-22,+0.60%,+0.85%,+0.54%,+0.44%,+0.59%,+6.07%,+7.74%,+5.50%,+5.47%,+5.33%,"7,814","9,164","7,120","7,477","8,813",+1.30%,+1.32%,+1.47%,+1.01%,+1.20%,+15.31%,+14.27%,+16.95%,+15.29%,+11.95%,34.1,43.4,32.5,29.7,32.2,0.42%,0.46%,0.44%,0.39%,0.34%
Sep-22,+0.60%,+0.84%,+0.52%,+0.53%,+0.46%,+6.25%,+7.95%,+5.70%,+5.59%,+5.55%,"7,860","9,242","7,157","7,516","8,853",+1.08%,+1.40%,+0.99%,+1.01%,+0.49%,+15.95%,+15.40%,+17.42%,+15.80%,+11.84%,34.4,44.0,32.8,30.0,32.4,0.42%,0.46%,0.44%,0.39%,0.34%
Oct-22,+0.59%,+0.78%,+0.46%,+0.64%,+0.42%,+6.41%,+8.18%,+5.75%,+5.82%,+5.80%,"7,906","9,313","7,190","7,564","8,891",+0.87%,+1.07%,+0.80%,+0.81%,+0.51%,+16.30%,+16.39%,+17.57%,+15.85%,+11.60%,34.7,44.5,33.1,30.2,32.6,0.42%,0.46%,0.44%,0.39%,0.34%
Nov-22,+0.46%,+0.63%,+0.35%,+0.55%,+0.11%,+6.34%,+8.28%,+5.44%,+5.93%,+5.61%,"7,943","9,373","7,215","7,606","8,901",+0.79%,+0.94%,+0.73%,+0.72%,+0.51%,+16.45%,+16.87%,+17.68%,+15.64%,+11.60%,35.0,44.9,33.3,30.4,32.7,0.43%,0.46%,0.44%,0.39%,0.34%
Dec-22,+0.30%,+0.45%,+0.21%,+0.37%,+0.04%,+6.16%,+8.20%,+5.10%,+5.88%,+5.27%,"7,967","9,414","7,230","7,634","8,904",+0.88%,+0.97%,+0.80%,+0.86%,+0.79%,+16.55%,+17.31%,+17.74%,+15.34%,+11.57%,35.3,45.4,33.6,30.7,33.0,0.43%,0.46%,0.45%,0.39%,0.34%
Jan-23,+0.30%,+0.32%,+0.28%,+0.28%,+0.28%,+5.91%,+7.95%,+4.85%,+5.70%,+4.91%,"7,991","9,444","7,250","7,655","8,929",+1.21%,+1.48%,+1.09%,+1.05%,+1.21%,+16.76%,+17.84%,+17.82%,+15.29%,+11.74%,35.8,46.0,33.9,31.0,33.4,0.43%,0.47%,0.45%,0.39%,0.35%
Feb-23,+0.38%,+0.39%,+0.38%,+0.37%,+0.34%,+5.79%,+7.79%,+4.80%,+5.64%,+4.47%,"8,021","9,481","7,277","7,684","8,959",+1.61%,+1.86%,+1.44%,+1.79%,+0.68%,+17.05%,+18.64%,+17.97%,+15.62%,+10.16%,36.3,46.9,34.4,31.6,33.6,0.44%,0.48%,0.46%,0.40%,0.35%
Mar-23,+0.42%,+0.44%,+0.45%,+0.37%,+0.43%,+5.66%,+7.71%,+4.73%,+5.52%,+4.06%,"8,055","9,522","7,310","7,712","8,998",+1.75%,+1.85%,+1.70%,+1.96%,+0.71%,+17.18%,+18.93%,+18.07%,+15.92%,+8.92%,37.0,47.7,35.0,32.2,33.8,0.44%,0.48%,0.46%,0.41%,0.35%
Apr-23,+0.45%,+0.57%,+0.43%,+0.43%,+0.26%,+5.63%,+7.64%,+4.75%,+5.53%,+3.87%,"8,091","9,577","7,342","7,746","9,021",+1.68%,+1.79%,+1.69%,+1.82%,+0.42%,+17.00%,+18.74%,+17.86%,+15.85%,+8.36%,37.6,48.6,35.6,32.8,34.0,0.45%,0.49%,0.47%,0.41%,0.35%
May-23,+0.46%,+0.58%,+0.44%,+0.45%,+0.30%,+5.67%,+7.60%,+4.92%,+5.51%,+3.93%,"8,128","9,633","7,374","7,781","9,048",+1.29%,+1.32%,+1.47%,+1.16%,+0.75%,+16.52%,+18.19%,+17.14%,+15.50%,+9.05%,38.1,49.2,36.1,33.2,34.2,0.45%,0.49%,0.47%,0.41%,0.35%
Jun-23,+0.51%,+0.68%,+0.46%,+0.49%,+0.37%,+5.72%,+7.54%,+5.04%,+5.51%,+4.03%,"8,170","9,698","7,408","7,819","9,081",+1.38%,+1.67%,+1.38%,+1.08%,+1.18%,+16.29%,+18.29%,+16.41%,+15.33%,+9.79%,38.6,50.1,36.6,33.5,34.6,0.46%,0.50%,0.48%,0.42%,0.36%
Jul-23,+0.41%,+0.49%,+0.33%,+0.38%,+0.52%,+5.61%,+7.25%,+4.94%,+5.43%,+4.19%,"8,203","9,746","7,432","7,849","9,129",+1.35%,+1.77%,+1.04%,+1.22%,+2.00%,+16.27%,+18.89%,+15.61%,+15.48%,+10.96%,39.1,50.9,37.0,33.9,35.3,0.46%,0.50%,0.48%,0.42%,0.36%
Aug-23,+0.44%,+0.54%,+0.35%,+0.43%,+0.47%,+5.44%,+6.92%,+4.75%,+5.42%,+4.07%,"8,239","9,799","7,458","7,882","9,171",+1.33%,+1.78%,+1.03%,+1.11%,+2.13%,+16.30%,+19.43%,+15.10%,+15.60%,+11.99%,39.6,51.9,37.4,34.3,36.1,0.46%,0.51%,0.48%,0.42%,0.37%
Sep-23,+0.45%,+0.54%,+0.38%,+0.45%,+0.40%,+5.29%,+6.60%,+4.60%,+5.34%,+4.00%,"8,276","9,852","7,486","7,918","9,208",+0.96%,+1.13%,+0.96%,+0.75%,+1.23%,+16.16%,+19.11%,+15.06%,+15.29%,+12.81%,40.0,52.4,37.7,34.5,36.5,0.47%,0.51%,0.49%,0.42%,0.37%
Oct-23,+0.54%,+0.59%,+0.54%,+0.52%,+0.35%,+5.24%,+6.40%,+4.69%,+5.21%,+3.92%,"8,320","9,909","7,527","7,959","9,240",+0.70%,+0.76%,+0.87%,+0.50%,+0.28%,+15.96%,+18.74%,+15.15%,+14.95%,+12.56%,40.3,52.8,38.1,34.7,36.6,0.47%,0.51%,0.49%,0.42%,0.37%
Nov-23,+0.37%,+0.21%,+0.47%,+0.33%,+0.44%,+5.14%,+5.95%,+4.82%,+4.99%,+4.26%,"8,352","9,930","7,562","7,985","9,280",+0.85%,+0.99%,+0.92%,+0.67%,+0.55%,+16.03%,+18.79%,+15.38%,+14.89%,+12.59%,40.6,53.4,38.4,35.0,36.8,0.47%,0.52%,0.49%,0.42%,0.37%
Dec-23,+0.29%,+0.04%,+0.34%,+0.34%,+0.57%,+5.13%,+5.52%,+4.96%,+4.96%,+4.82%,"8,376","9,934","7,588","8,012","9,333",+1.00%,+1.34%,+0.82%,+1.03%,+0.24%,+16.16%,+19.23%,+15.41%,+15.09%,+11.98%,41.0,54.1,38.7,35.3,36.9,0.47%,0.53%,0.49%,0.43%,0.37%
Jan-24,+0.36%,+0.30%,+0.35%,+0.36%,+0.48%,+5.19%,+5.50%,+5.03%,+5.04%,+5.03%,"8,406","9,963","7,615","8,041","9,378",+1.26%,+1.49%,+1.13%,+1.49%,+0.14%,+16.22%,+19.24%,+15.45%,+15.59%,+10.80%,41.6,54.9,39.2,35.8,37.0,0.48%,0.53%,0.50%,0.43%,0.37%
Feb-24,+0.49%,+0.52%,+0.43%,+0.52%,+0.49%,+5.31%,+5.64%,+5.09%,+5.20%,+5.20%,"8,447","10,016","7,647","8,083","9,425",+1.28%,+1.60%,+1.00%,+1.52%,+0.47%,+15.85%,+18.95%,+14.95%,+15.29%,+10.57%,42.1,55.8,39.6,36.4,37.2,0.48%,0.54%,0.50%,0.44%,0.37%
Mar-24,+0.64%,+0.80%,+0.60%,+0.64%,+0.35%,+5.54%,+6.02%,+5.24%,+5.48%,+5.11%,"8,501","10,096","7,693","8,135","9,458",+1.16%,+1.23%,+1.11%,+1.13%,+1.51%,+15.19%,+18.22%,+14.29%,+14.34%,+11.45%,42.6,56.4,40.0,36.8,37.7,0.49%,0.54%,0.50%,0.44%,0.37%
Apr-24,+0.66%,+0.72%,+0.59%,+0.78%,+0.53%,+5.76%,+6.17%,+5.40%,+5.84%,+5.40%,"8,558","10,168","7,738","8,198","9,508",+1.38%,+1.79%,+1.15%,+1.02%,+2.23%,+14.84%,+18.21%,+13.68%,+13.45%,+13.45%,43.2,57.5,40.5,37.2,38.6,0.49%,0.55%,0.51%,0.44%,0.38%
May-24,+0.74%,+0.89%,+0.68%,+0.85%,+0.41%,+6.07%,+6.49%,+5.66%,+6.26%,+5.51%,"8,621","10,258","7,791","8,268","9,546",+1.25%,+1.44%,+1.27%,+0.94%,+1.53%,+14.80%,+18.35%,+13.46%,+13.20%,+14.33%,43.7,58.3,41.0,37.5,39.1,0.49%,0.55%,0.51%,0.44%,0.38%
Jun-24,+0.61%,+0.69%,+0.57%,+0.71%,+0.44%,+6.17%,+6.50%,+5.78%,+6.49%,+5.58%,"8,674","10,329","7,836","8,327","9,588",+1.43%,+1.67%,+1.42%,+1.16%,+1.47%,+14.86%,+18.36%,+13.50%,+13.30%,+14.66%,44.3,59.3,41.6,38.0,39.7,0.49%,0.56%,0.51%,0.44%,0.39%
Jul-24,+0.76%,+0.80%,+0.78%,+0.78%,+0.52%,+6.53%,+6.84%,+6.25%,+6.92%,+5.58%,"8,739","10,412","7,897","8,392","9,638",+1.12%,+1.01%,+1.24%,+1.13%,+0.89%,+14.60%,+17.47%,+13.73%,+13.20%,+13.41%,44.8,59.8,42.1,38.4,40.1,0.50%,0.56%,0.52%,0.44%,0.39%
Aug-24,+0.76%,+0.84%,+0.68%,+0.78%,+0.76%,+6.87%,+7.15%,+6.60%,+7.29%,+5.89%,"8,805","10,499","7,950","8,457","9,711",+0.88%,+0.67%,+0.85%,+1.15%,+1.07%,+14.09%,+16.19%,+13.52%,+13.24%,+12.23%,45.2,60.2,42.4,38.8,40.5,0.50%,0.56%,0.52%,0.45%,0.39%
Sep-24,+0.71%,+0.68%,+0.69%,+0.76%,+0.66%,+7.15%,+7.29%,+6.93%,+7.62%,+6.16%,"8,868","10,570","8,005","8,521","9,775",+0.65%,+0.76%,+0.41%,+0.75%,+1.02%,+13.75%,+15.76%,+12.91%,+13.24%,+11.99%,45.5,60.7,42.6,39.1,40.9,0.50%,0.56%,0.52%,0.45%,0.39%
Oct-24,+0.60%,+0.73%,+0.50%,+0.58%,+0.50%,+7.22%,+7.45%,+6.88%,+7.69%,+6.32%,"8,921","10,647","8,045","8,571","9,824",+0.46%,+0.67%,+0.36%,+0.19%,+0.91%,+13.48%,+15.67%,+12.34%,+12.88%,+12.68%,45.7,61.1,42.8,39.2,41.3,0.50%,0.56%,0.52%,0.44%,0.39%
Nov-24,+0.49%,+0.55%,+0.47%,+0.46%,+0.39%,+7.34%,+7.81%,+6.87%,+7.83%,+6.27%,"8,964","10,706","8,082","8,611","9,862",+0.93%,+1.19%,+0.90%,+0.60%,+1.07%,+13.57%,+15.89%,+12.31%,+12.81%,+13.27%,46.1,61.8,43.1,39.4,41.7,0.50%,0.56%,0.52%,0.45%,0.40%
Dec-24,+0.66%,+0.87%,+0.61%,+0.57%,+0.55%,+7.73%,+8.71%,+7.16%,+8.08%,+6.24%,"9,023","10,799","8,131","8,660","9,916",+0.93%,+0.72%,+1.18%,+0.77%,+1.04%,+13.50%,+15.18%,+12.71%,+12.52%,+14.17%,46.6,62.3,43.6,39.7,42.2,0.50%,0.56%,0.52%,0.45%,0.40%
Jan-25,+0.59%,+0.72%,+0.66%,+0.43%,+0.46%,+7.98%,+9.17%,+7.49%,+8.15%,+6.21%,"9,076","10,877","8,185","8,697","9,961",+0.96%,+0.77%,+1.04%,+1.17%,+1.06%,+13.16%,+14.36%,+12.62%,+12.16%,+15.22%,47.0,62.8,44.1,40.2,42.6,0.48%,0.55%,0.50%,0.43%,0.39%
Feb-25,+0.68%,+0.78%,+0.71%,+0.61%,+0.43%,+8.17%,+9.44%,+7.79%,+8.25%,+6.15%,"9,138","10,961","8,243","8,749","10,004",+1.07%,+1.02%,+1.09%,+1.09%,+1.58%,+12.92%,+13.70%,+12.71%,+11.69%,+16.50%,47.5,63.4,44.6,40.6,43.3,0.49%,0.55%,0.51%,0.43%,0.40%
Mar-25,+0.60%,+0.65%,+0.62%,+0.54%,+0.48%,+8.13%,+9.28%,+7.82%,+8.14%,+6.29%,"9,192","11,032","8,294","8,797","10,052",+1.15%,+1.45%,+1.12%,+1.03%,+0.95%,+12.91%,+13.95%,+12.73%,+11.57%,+15.85%,48.1,64.3,45.1,41.1,43.7,0.49%,0.55%,0.51%,0.44%,0.40%
Apr-25,+0.51%,+0.65%,+0.41%,+0.54%,+0.44%,+7.97%,+9.21%,+7.63%,+7.88%,+6.19%,"9,239","11,104","8,329","8,844","10,097",+1.25%,+1.74%,+1.13%,+1.06%,+1.07%,+12.77%,+13.90%,+12.71%,+11.61%,+14.54%,48.7,65.4,45.6,41.5,44.2,0.49%,0.56%,0.51%,0.44%,0.41%
May-25,+0.46%,+0.59%,+0.40%,+0.46%,+0.30%,+7.66%,+8.89%,+7.33%,+7.47%,+6.08%,"9,282","11,170","8,362","8,885","10,127",+0.59%,+0.85%,+0.58%,+0.59%, -0.01%,+12.03%,+13.25%,+11.94%,+11.21%,+12.79%,49.0,66.0,45.9,41.7,44.2,0.49%,0.56%,0.51%,0.44%,0.41%
Jun-25,+0.45%,+0.61%,+0.43%,+0.45%,+0.18%,+7.49%,+8.80%,+7.18%,+7.19%,+5.81%,"9,324","11,238","8,398","8,925","10,145",+0.51%,+0.47%,+0.33%,+0.69%,+0.66%,+11.02%,+11.91%,+10.74%,+10.70%,+11.89%,49.2,66.3,46.0,42.0,44.4,0.49%,0.56%,0.51%,0.44%,0.41%
Jul-25,+0.58%,+0.56%,+0.57%,+0.69%,+0.36%,+7.31%,+8.54%,+6.96%,+7.09%,+5.64%,"9,378","11,301","8,446","8,986","10,182",+0.45%,+0.26%,+0.47%,+0.59%,+0.39%,+10.28%,+11.08%,+9.90%,+10.11%,+11.33%,49.4,66.5,46.2,42.3,44.6,0.49%,0.56%,0.51%,0.44%,0.41%
Aug-25,+0.50%,+0.45%,+0.42%,+0.66%,+0.60%,+7.04%,+8.12%,+6.68%,+6.96%,+5.48%,"9,425","11,352","8,481","9,046","10,244",+0.66%,+0.58%,+0.54%,+0.87%,+0.67%,+10.04%,+10.99%,+9.56%,+9.81%,+10.89%,49.8,66.9,46.5,42.6,44.9,0.49%,0.56%,0.51%,0.44%,0.41%
Sep-25,+0.57%,+0.46%,+0.51%,+0.73%,+0.62%,+6.89%,+7.89%,+6.49%,+6.93%,+5.45%,"9,479","11,404","8,525","9,112","10,308",+0.55%,+0.48%,+0.64%,+0.74%,+0.10%,+9.93%,+10.68%,+9.81%,+9.79%,+9.89%,50.0,67.2,46.8,43.0,45.0,0.49%,0.56%,0.51%,0.44%,0.40%
Oct-25,+0.54%,+0.65%,+0.42%,+0.59%,+0.61%,+6.83%,+7.80%,+6.41%,+6.94%,+5.57%,"9,530","11,478","8,561","9,166","10,371",+0.60%,+0.61%,+0.57%,+0.68%,+0.43%,+10.08%,+10.62%,+10.04%,+10.33%,+9.37%,50.3,67.6,47.0,43.2,45.2,0.49%,0.56%,0.51%,0.44%,0.40%
Nov-25,+0.58%,+0.96%,+0.52%,+0.37%,+0.41%,+6.92%,+8.24%,+6.47%,+6.84%,+5.59%,"9,585","11,588","8,605","9,200","10,413",+0.59%,+0.59%,+0.65%,+0.54%,+0.94%,+9.71%,+9.96%,+9.76%,+10.26%,+9.23%,50.6,68.0,47.3,43.5,45.6,0.49%,0.56%,0.52%,0.44%,0.40%
